Type,Date,Num,Name,Item,Description,Sales Tax Code,Qty,Amount,Product Category,Rep,PONumber,Memo,QBTxnID,Subtotal,SalesTaxTotal,SalesTaxRate,TotalAmount,CreditRemaining,AppliedToInvoice,AppliedAmount,UnitPrice
Credit Memo,2021-03-31,,X Press Solutions (Mr. Irfan),Item,Opening balance,Taxable Sales,1,1600.00,,,,Opening balance,16F-1617705667,1600.00,0.00,0.00,1600.00,0.00,AS008888,-1600.00,1600
Credit Memo,2021-03-31,,T E C Data Solutions,Item,Opening balance,Taxable Sales,1,0.00,,,,Opening balance,17B-1617705669,0.00,0.00,0.00,0.00,0.00,,0,0.00
Credit Memo,2021-03-31,,Studio Siyakroo,Item,Opening balance,Taxable Sales,1,0.00,,,,Opening balance,184-1617705670,0.00,0.00,0.00,0.00,0.00,,0,0.00
Credit Memo,2021-03-31,,Studio Lakdam,Item,Opening balance,Taxable Sales,1,0.00,,,,Opening balance,18A-1617705671,0.00,0.00,0.00,0.00,0.00,,0,0.00
Credit Memo,2021-03-31,,Sri Lanka Institute of Taxation,Item,Opening balance,Taxable Sales,1,0.00,,,,Opening balance,190-1617705671,0.00,0.00,0.00,0.00,0.00,,0,0.00
Credit Memo,2021-03-31,,MUSLIM AID,Item,Opening balance,Taxable Sales,1,0.00,,,,Opening balance,1B7-1617705676,0.00,0.00,0.00,0.00,0.00,,0,0.00
Credit Memo,2021-03-31,,Liyakta Office Systems (Pvt) Ltd,Item,Opening balance,Taxable Sales,1,0.00,,,,Opening balance,1C6-1617705678,0.00,0.00,0.00,0.00,0.00,,0,0.00
Credit Memo,2021-03-31,,Lankem Ceylon PLC,Item,Opening balance,Taxable Sales,1,0.00,,,,Opening balance,1C9-1617705678,0.00,0.00,0.00,0.00,0.00,,0,0.00
Credit Memo,2021-03-31,,Just in Time Holdings (Pvt) Ltd,Item,Opening balance,Taxable Sales,1,0.00,,,,Opening balance,1DB-1617705680,0.00,0.00,0.00,0.00,0.00,,0,0.00
Credit Memo,2021-03-31,,Data E Net Computer Systems (Pvt) Ltd,Item,Opening balance,Taxable Sales,1,0.00,,,,Opening balance,1FF-1617705685,0.00,0.00,0.00,0.00,0.00,,0,0.00
Credit Memo,2021-03-31,,Chris and Mayu Photographers,Item,Opening balance,Taxable Sales,1,0.00,,,,Opening balance,202-1617705686,0.00,0.00,0.00,0.00,0.00,,0,0.00
Credit Memo,2021-04-27,AS/CRM/0001,Avian,Item,Item,Taxable Sales,1,0,,,PO-D/21/0000017,,692-1619505899,404000.00,0.00,0.00,404000.00,0.00,AS008867,-404000.00,0
Credit Memo,2021-04-27,AS/CRM/0001,Avian,Synology:DS1821+,"Synology NAS DS1821+ 8GB RAM 8Bay
S/N 20C0SKRCXAQ44",Non,1,221200.00,Synology,,PO-D/21/0000017,,692-1619505899,404000.00,0.00,0.00,404000.00,0.00,AS008867,-404000.00,221200.00
Credit Memo,2021-04-27,AS/CRM/0001,Avian,Item,Item,Taxable Sales,1,0,,,PO-D/21/0000017,,692-1619505899,404000.00,0.00,0.00,404000.00,0.00,AS008867,-404000.00,0
Credit Memo,2021-04-27,AS/CRM/0001,Avian,HDD:10 TB ENT SATA,"10TB Seagate Enterprise Hard Drive
S/N ZA2DW4MS	
        ZA2DW3A9",Non,2,148800.00,HDD,,PO-D/21/0000017,,692-1619505899,404000.00,0.00,0.00,404000.00,0.00,AS008867,-404000.00,74400.00
Credit Memo,2021-04-27,AS/CRM/0001,Avian,Item,Item,Taxable Sales,1,0,,,PO-D/21/0000017,,692-1619505899,404000.00,0.00,0.00,404000.00,0.00,AS008867,-404000.00,0
Credit Memo,2021-04-27,AS/CRM/0001,Avian,HDD:250GB  SATA SSD (860Evo),"250GB SSD Samsung
S/N S3Y9NX0N830584L
S/N S3Y9NX0N830589A",Non,2,34000.00,HDD,,PO-D/21/0000017,,692-1619505899,404000.00,0.00,0.00,404000.00,0.00,AS008867,-404000.00,17000.00
Credit Memo,2021-04-27,AS/CRM/0001,Avian,Item,Item,Taxable Sales,1,0,,,PO-D/21/0000017,,692-1619505899,404000.00,0.00,0.00,404000.00,0.00,AS008867,-404000.00,0
Credit Memo,2021-04-27,AS/CRM/0001,Avian,Item,Warranty 3 Years On NAS Unit and Hard Drives,Taxable Sales,1,0,,,PO-D/21/0000017,,692-1619505899,404000.00,0.00,0.00,404000.00,0.00,AS008867,-404000.00,0
Credit Memo,2021-04-27,AS/CRM/0001,Avian,Item,Item,Taxable Sales,1,0,,,PO-D/21/0000017,,692-1619505899,404000.00,0.00,0.00,404000.00,0.00,AS008867,-404000.00,0
Credit Memo,2021-04-27,AS/CRM/0001,Avian,Item,Item,Taxable Sales,1,0,,,PO-D/21/0000017,,692-1619505899,404000.00,0.00,0.00,404000.00,0.00,AS008867,-404000.00,0
Credit Memo,2021-04-27,AS/CRM/0001,Avian,Item,PO-D/21/0000017,Taxable Sales,1,0,,,PO-D/21/0000017,,692-1619505899,404000.00,0.00,0.00,404000.00,0.00,AS008867,-404000.00,0
Credit Memo,2021-04-27,AS/CRM/0001,Avian,Item,Item,Taxable Sales,1,0,,,PO-D/21/0000017,,692-1619505899,404000.00,0.00,0.00,404000.00,0.00,AS008867,-404000.00,0
Credit Memo,2021-04-27,AS/CRM/0001,Avian,Item,Invoice Number -AS008837,Taxable Sales,1,0,,,PO-D/21/0000017,,692-1619505899,404000.00,0.00,0.00,404000.00,0.00,AS008867,-404000.00,0
Credit Memo,2021-06-14,ASC008925,Rapidventure (Pvt) Ltd,Item,Item,Taxable Sales,1,0,,,PO00306,,1009-1624860112,18400.00,0.00,0.00,18400.00,0.00,AS008890,-18400.00,0
Credit Memo,2021-06-14,ASC008925,Rapidventure (Pvt) Ltd,BDCOM:GSFP-SX-D,GSFP-SX-D Multimode 1G Tranceiver,Non,4,18400.00,BDCOM,,PO00306,,1009-1624860112,18400.00,0.00,0.00,18400.00,0.00,AS008890,-18400.00,4600.00
Credit Memo,2021-06-14,ASC008925,Rapidventure (Pvt) Ltd,Item,"S/N   5200060118B00496
          5200060118B00490
          5200060118B00492
          5200060118B00493",Taxable Sales,1,0,,,PO00306,,1009-1624860112,18400.00,0.00,0.00,18400.00,0.00,AS008890,-18400.00,0
Credit Memo,2021-06-14,ASC008925,Rapidventure (Pvt) Ltd,Item,Item,Taxable Sales,1,0,,,PO00306,,1009-1624860112,18400.00,0.00,0.00,18400.00,0.00,AS008890,-18400.00,0
Credit Memo,2021-06-14,ASC008925,Rapidventure (Pvt) Ltd,Item,Item,Taxable Sales,1,0,,,PO00306,,1009-1624860112,18400.00,0.00,0.00,18400.00,0.00,AS008890,-18400.00,0
Credit Memo,2021-08-10,AS/CRM/0002,VS Information Systems (Pvt) Ltd,HDD:4 TB NAS HDD,4 TB Seagate Ironwolf NAS Hard Drive,Non,4,132800.00,HDD,,,,1A51-1628576412,132800.00,0.00,0.00,132800.00,0.00,AS008956,-132800.00,33200.00
Credit Memo,2021-08-10,AS/CRM/0002,VS Information Systems (Pvt) Ltd,Item,"
S/N ZDH9R4TE	
        ZDH9R559	
        ZDH9RS5T	
        ZDH9RQGP",Taxable Sales,1,0,,,,,1A51-1628576412,132800.00,0.00,0.00,132800.00,0.00,AS008956,-132800.00,0
Credit Memo,2021-08-10,AS/CRM/0002,VS Information Systems (Pvt) Ltd,Item,Item,Taxable Sales,1,0,,,,,1A51-1628576412,132800.00,0.00,0.00,132800.00,0.00,AS008956,-132800.00,0
Credit Memo,2021-08-10,AS/CRM/0002,VS Information Systems (Pvt) Ltd,Item,Invoice Number  - AS008956,Taxable Sales,1,0,,,,,1A51-1628576412,132800.00,0.00,0.00,132800.00,0.00,AS008956,-132800.00,0
Credit Memo,2022-04-11,AS009332,Techtron Integrated Solutions (Pvt) Ltd,HDD:4TB  ENT SATA,4 TB Enterprise Exos Hard Drive,Non,2,130000.00,HDD,,,,49D4-1649677196,130000.00,0.00,0.00,130000.00,0.00,,0,65000.00
Credit Memo,2022-04-11,AS009332,Techtron Integrated Solutions (Pvt) Ltd,Item,S/N : ZC1AKYV6,Taxable Sales,1,0,,,,,49D4-1649677196,130000.00,0.00,0.00,130000.00,0.00,,0,0
Credit Memo,2022-04-11,AS009332,Techtron Integrated Solutions (Pvt) Ltd,Item,         ZC1BAL3S,Taxable Sales,1,0,,,,,49D4-1649677196,130000.00,0.00,0.00,130000.00,0.00,,0,0
Credit Memo,2022-04-11,AS009332,Techtron Integrated Solutions (Pvt) Ltd,Item,Warranty 3 Years on Hard drives,Taxable Sales,1,0,,,,,49D4-1649677196,130000.00,0.00,0.00,130000.00,0.00,,0,0
Credit Memo,2022-07-25,AS009228,Open Systems Integrators,HDD:4 TB Standard,4 TB Seagate Barracuda Hard Drive,Non,1,27600.00,HDD,,4326,,540C-1658731805,27600.00,0.00,0.00,27600.00,0.00,711862,-27600.00,27600.00
Credit Memo,2022-07-25,AS009228,Open Systems Integrators,Item,S/N : WTT09XZ4,Taxable Sales,1,0,,,4326,,540C-1658731805,27600.00,0.00,0.00,27600.00,0.00,711862,-27600.00,0
Credit Memo,2022-07-25,AS009228,Open Systems Integrators,Item,Warranty 2 Years on Hard Drive,Taxable Sales,1,0,,,4326,,540C-1658731805,27600.00,0.00,0.00,27600.00,0.00,711862,-27600.00,0
Credit Memo,2022-09-20,AS009487,Kect Impex (Pvt) Ltd,Accs,UPS Battery,Non,2,14000.00,,,,,5E2D-1663734224,14000.00,0.00,0.00,14000.00,0.00,711912,-14000.00,7000.00
Credit Memo,2022-09-20,AS009487,Kect Impex (Pvt) Ltd,Item,Warranty 6 Month For Battery,Taxable Sales,1,0,,,,,5E2D-1663734224,14000.00,0.00,0.00,14000.00,0.00,711912,-14000.00,0
Credit Memo,2022-10-10,AS009501,E-Net Integrated Solutions (Pvt) Ltd,Draytek:Vigor 3910,Draytek Vigor 3910 Security Appliance..Quad Wan,Non,1,320000.00,Draytek,,PO/22/10/01,,60C1-1665374410,448000.00,0.00,0.00,448000.00,0.00,,0,320000.00
Credit Memo,2022-10-10,AS009501,E-Net Integrated Solutions (Pvt) Ltd,Item,"S/N  207004211600	
",Taxable Sales,1,0,,,PO/22/10/01,,60C1-1665374410,448000.00,0.00,0.00,448000.00,0.00,,0,0
Credit Memo,2022-10-10,AS009501,E-Net Integrated Solutions (Pvt) Ltd,Item,Item,Taxable Sales,1,0,,,PO/22/10/01,,60C1-1665374410,448000.00,0.00,0.00,448000.00,0.00,,0,0
Credit Memo,2022-10-10,AS009501,E-Net Integrated Solutions (Pvt) Ltd,Item,Warranty 2 Years on DrayTek Unit,Taxable Sales,1,0,,,PO/22/10/01,,60C1-1665374410,448000.00,0.00,0.00,448000.00,0.00,,0,0
Credit Memo,2022-10-10,AS009501,E-Net Integrated Solutions (Pvt) Ltd,Item,Item,Taxable Sales,1,0,,,PO/22/10/01,,60C1-1665374410,448000.00,0.00,0.00,448000.00,0.00,,0,0
Credit Memo,2022-10-10,AS009501,E-Net Integrated Solutions (Pvt) Ltd,BDCOM:S1510-8P,BDCOM 8 Port POE Switch,Non,3,138000.00,BDCOM,,PO/22/10/01,,60C1-1665374410,448000.00,0.00,0.00,448000.00,0.00,,0,46000.00
Credit Memo,2022-10-10,AS009501,E-Net Integrated Solutions (Pvt) Ltd,Item,"S/N 0E20013000239
        0E20013000240
        0E20013000237	
",Taxable Sales,1,0,,,PO/22/10/01,,60C1-1665374410,448000.00,0.00,0.00,448000.00,0.00,,0,0
Credit Memo,2022-10-10,AS009501,E-Net Integrated Solutions (Pvt) Ltd,Item,Warranty 1 Year on BDCOM Switch,Taxable Sales,1,0,,,PO/22/10/01,,60C1-1665374410,448000.00,0.00,0.00,448000.00,0.00,,0,0
Credit Memo,2022-10-10,AS009501,E-Net Integrated Solutions (Pvt) Ltd,Item,Item,Taxable Sales,1,0,,,PO/22/10/01,,60C1-1665374410,448000.00,0.00,0.00,448000.00,0.00,,0,0
Credit Memo,2022-10-10,AS009501,E-Net Integrated Solutions (Pvt) Ltd,Discount,Discount,Non,1,-10000.00,,,PO/22/10/01,,60C1-1665374410,448000.00,0.00,0.00,448000.00,0.00,,0,-10000.00
Credit Memo,2022-10-12,AS009462,Alphasonic Technologies (Pvt) Ltd,Item,Item,Taxable Sales,1,0,,,01516,,615B-1665555370,282000.00,0.00,0.00,282000.00,0.00,AS009462,-282000.00,0
Credit Memo,2022-10-12,AS009462,Alphasonic Technologies (Pvt) Ltd,Synology:DS1520+,Synology NAS DS1520+ 8GB  5 Bay NAS,Non,1,282000.00,Synology,,01516,,615B-1665555370,282000.00,0.00,0.00,282000.00,0.00,AS009462,-282000.00,282000.00
Credit Memo,2022-10-12,AS009462,Alphasonic Technologies (Pvt) Ltd,Item,S/N : 2210RYRW4C57R,Taxable Sales,1,0,,,01516,,615B-1665555370,282000.00,0.00,0.00,282000.00,0.00,AS009462,-282000.00,0
Credit Memo,2022-10-12,AS009462,Alphasonic Technologies (Pvt) Ltd,Item,Item,Taxable Sales,1,0,,,01516,,615B-1665555370,282000.00,0.00,0.00,282000.00,0.00,AS009462,-282000.00,0
Credit Memo,2022-10-12,AS009462,Alphasonic Technologies (Pvt) Ltd,Item,Warranty 3years on NAS unit,Taxable Sales,1,0,,,01516,,615B-1665555370,282000.00,0.00,0.00,282000.00,0.00,AS009462,-282000.00,0
Credit Memo,2022-10-12,AS009462,Alphasonic Technologies (Pvt) Ltd,Item,(From 5th September 2022 To 4th September 2025),Taxable Sales,1,0,,,01516,,615B-1665555370,282000.00,0.00,0.00,282000.00,0.00,AS009462,-282000.00,0
Credit Memo,2022-10-12,AS009463,Alphasonic Technologies (Pvt) Ltd,Item,Item,Taxable Sales,1,0,,,01519,,6167-1665555722,37000.00,0.00,0.00,37000.00,0.00,AS009463,-37000.00,0
Credit Memo,2022-10-12,AS009463,Alphasonic Technologies (Pvt) Ltd,HDD:2 TB NAS,2 TB Seagate Ironwolf NAS Hard Drive,Non,1,37000.00,HDD,,01519,,6167-1665555722,37000.00,0.00,0.00,37000.00,0.00,AS009463,-37000.00,37000.00
Credit Memo,2022-10-12,AS009463,Alphasonic Technologies (Pvt) Ltd,Item,S/N : Z52C0G1J,Taxable Sales,1,0,,,01519,,6167-1665555722,37000.00,0.00,0.00,37000.00,0.00,AS009463,-37000.00,0
Credit Memo,2022-10-12,AS009463,Alphasonic Technologies (Pvt) Ltd,Item,Item,Taxable Sales,1,0,,,01519,,6167-1665555722,37000.00,0.00,0.00,37000.00,0.00,AS009463,-37000.00,0
Credit Memo,2022-10-12,AS009463,Alphasonic Technologies (Pvt) Ltd,Item,Warranty 3 years on Hard Drive,Taxable Sales,1,0,,,01519,,6167-1665555722,37000.00,0.00,0.00,37000.00,0.00,AS009463,-37000.00,0
Credit Memo,2022-10-12,AS009463,Alphasonic Technologies (Pvt) Ltd,Item,(From 5th September 2022 To 4th September 2025),Taxable Sales,1,0,,,01519,,6167-1665555722,37000.00,0.00,0.00,37000.00,0.00,AS009463,-37000.00,0
Credit Memo,2022-12-12,AS009567,Techtron Integrated Solutions (Pvt) Ltd,HDD:4TB  ENT SATA,4 TB Enterprise Hard Drive,Non,1,87000.00,HDD,,,,6783-1670905104,87000.00,0.00,0.00,87000.00,0.00,AS009567,-87000.00,87000.00
Credit Memo,2022-12-12,AS009567,Techtron Integrated Solutions (Pvt) Ltd,Item,"S/N : WS23LDC0
",Taxable Sales,1,0,,,,,6783-1670905104,87000.00,0.00,0.00,87000.00,0.00,AS009567,-87000.00,0
Credit Memo,2022-12-12,AS009567,Techtron Integrated Solutions (Pvt) Ltd,Item,Warranty 3 Years on Hard Drive,Taxable Sales,1,0,,,,,6783-1670905104,87000.00,0.00,0.00,87000.00,0.00,AS009567,-87000.00,0
Credit Memo,2023-01-11,AS009603,Asia Pacific Technology Systems (Pvt) Ltd,HDD:4 TB NAS HDD,4 TB Seagate Ironwolf NAS Hard Drive,Non,1,62500.00,HDD,,1451,,6CF9-1673412153,62500.00,0.00,0.00,62500.00,0.00,AS009532,-62500.00,62500.00
Credit Memo,2023-01-11,AS009603,Asia Pacific Technology Systems (Pvt) Ltd,Item,S/N : ZDHB9N11,Taxable Sales,1,0,,,1451,,6CF9-1673412153,62500.00,0.00,0.00,62500.00,0.00,AS009532,-62500.00,0
Credit Memo,2023-01-11,AS009603,Asia Pacific Technology Systems (Pvt) Ltd,Item,Warranty 3 Years on Hard Drive,Taxable Sales,1,0,,,1451,,6CF9-1673412153,62500.00,0.00,0.00,62500.00,0.00,AS009532,-62500.00,0
Credit Memo,2023-01-20,AS009612,UI Technologies (Pvt) Ltd,BDCOM:S1526-24P,S1526-24P Gigabit Switch POE Switch,Non,1,107000.00,BDCOM,,9457,,6DDD-1674196722,107000.00,0.00,0.00,107000.00,0.00,,0,107000.00
Credit Memo,2023-01-20,AS009612,UI Technologies (Pvt) Ltd,Item,"S/N : G20027001526		
",Taxable Sales,1,0,,,9457,,6DDD-1674196722,107000.00,0.00,0.00,107000.00,0.00,,0,0
Credit Memo,2023-01-20,AS009612,UI Technologies (Pvt) Ltd,Item,Warranty 2 Years on BDCOM Unit,Taxable Sales,1,0,,,9457,,6DDD-1674196722,107000.00,0.00,0.00,107000.00,0.00,,0,0
Credit Memo,2023-03-31,AS009667,UI Technologies (Pvt) Ltd,BDCOM:S1508E,BDCOM S1508E (8 Port Switch),Non,10,80000.00,BDCOM,,9498,,7596-1680243472,195000.00,0.00,0.00,195000.00,195000.00,,0,8000.00
Credit Memo,2023-03-31,AS009667,UI Technologies (Pvt) Ltd,Item,"S/N : 0W20002004622		
          0W20002004600		
          0W20002004604		
          0W20002004595		
          0W20002004608		
          0W20002004598		
          0W20002004629		
          0W20002004625		
          0W20002004626		
          0W20002004630		",Taxable Sales,1,0,,,9498,,7596-1680243472,195000.00,0.00,0.00,195000.00,195000.00,,0,0
Credit Memo,2023-03-31,AS009667,UI Technologies (Pvt) Ltd,BDCOM:S1516,BDCOM S1516 16Port Gigabit Switch,Non,5,115000.00,BDCOM,,9498,,7596-1680243472,195000.00,0.00,0.00,195000.00,195000.00,,0,23000.00
Credit Memo,2023-03-31,AS009667,UI Technologies (Pvt) Ltd,Item,"S/N : G20003003315		
          G20003003314		
          G20003003226		
          G20003003313		
          G20003003297		
",Taxable Sales,1,0,,,9498,,7596-1680243472,195000.00,0.00,0.00,195000.00,195000.00,,0,0
Credit Memo,2023-03-31,AS009667,UI Technologies (Pvt) Ltd,Item,Warranty 2 Years on BDCOM Units,Taxable Sales,1,0,,,9498,,7596-1680243472,195000.00,0.00,0.00,195000.00,195000.00,,0,0
Credit Memo,2023-04-04,AS009669,UI Technologies (Pvt) Ltd,BDCOM:S1526-24P,S1526-24P Gigabit Switch POE Switch,Non,1,104000.00,BDCOM,,9501,,75FE-1680600672,104000.00,0.00,0.00,104000.00,104000.00,,0,104000.00
Credit Memo,2023-04-04,AS009669,UI Technologies (Pvt) Ltd,Item,"S/N : G20027005986		
",Taxable Sales,1,0,,,9501,,75FE-1680600672,104000.00,0.00,0.00,104000.00,104000.00,,0,0
Credit Memo,2023-04-04,AS009669,UI Technologies (Pvt) Ltd,Item,Warranty 2 Years on BDCOM Unit,Taxable Sales,1,0,,,9501,,75FE-1680600672,104000.00,0.00,0.00,104000.00,104000.00,,0,0
Credit Memo,2023-04-19,AS009731,Avian,Item,Item,Taxable Sales,1,0,,,PO-D/21/735,,7FDC-1685332002,56000.00,0.00,0.00,56000.00,0.00,,0,0
Credit Memo,2023-04-19,AS009731,Avian,HDD:4 TB NAS HDD,4 TB Seagate Ironwolf NAS Hard Drive,Non,1,56000.00,HDD,,PO-D/21/735,,7FDC-1685332002,56000.00,0.00,0.00,56000.00,0.00,,0,56000.00
Credit Memo,2023-04-19,AS009731,Avian,Item,"S/N ZDHB9N11	
",Taxable Sales,1,0,,,PO-D/21/735,,7FDC-1685332002,56000.00,0.00,0.00,56000.00,0.00,,0,0
Credit Memo,2023-04-19,AS009731,Avian,Item,Warranty 3 Years on Hard Drive,Taxable Sales,1,0,,,PO-D/21/735,,7FDC-1685332002,56000.00,0.00,0.00,56000.00,0.00,,0,0
Credit Memo,2023-05-25,AS009730,DAP Technologies,Item,Item,Taxable Sales,1,0,,,4229,,7F4F-1685005823,15000.00,0.00,0.00,15000.00,0.00,,0,0
Credit Memo,2023-05-25,AS009730,DAP Technologies,Accs,DS916+ Compatible Power Adaptor,Non,1,15000.00,,,4229,,7F4F-1685005823,15000.00,0.00,0.00,15000.00,0.00,,0,15000.00
Credit Memo,2023-05-25,AS009730,DAP Technologies,Item,,Taxable Sales,1,0,,,4229,,7F4F-1685005823,15000.00,0.00,0.00,15000.00,0.00,,0,0
Credit Memo,2023-05-25,AS009730,DAP Technologies,Item,Warranty 6 Months on Power Adaptor,Taxable Sales,1,0,,,4229,,7F4F-1685005823,15000.00,0.00,0.00,15000.00,0.00,,0,0
Credit Memo,2023-08-17,AS009857,CHINT Energy (Pvt) ltd,Item,Item,Taxable Sales,1,0,,,,,8E35-1694679702,13080.00,0.00,0.00,13080.00,0.00,AS009825,-13080.00,0
Credit Memo,2023-08-17,AS009857,CHINT Energy (Pvt) ltd,MA,HP Server Maintenance ($40),Non,1,13080.00,,,,,8E35-1694679702,13080.00,0.00,0.00,13080.00,0.00,AS009825,-13080.00,13080.00
Credit Memo,2023-08-17,AS009857,CHINT Energy (Pvt) ltd,Item,"1st  August 2023 to 31st  August 2023
(1USD= RS.327/- )",Taxable Sales,1,0,,,,,8E35-1694679702,13080.00,0.00,0.00,13080.00,0.00,AS009825,-13080.00,0
Credit Memo,2023-09-01,AS009842,Techtron Integrated Solutions (Pvt) Ltd,Item,Item,Taxable Sales,1,0,,,,,8BD0-1693566940,20000.00,0.00,0.00,20000.00,0.00,AS009840,-20000.00,0
Credit Memo,2023-09-01,AS009842,Techtron Integrated Solutions (Pvt) Ltd,Accs,DS212 Compatible Synology Power Adaptor,Non,1,20000.00,,,,,8BD0-1693566940,20000.00,0.00,0.00,20000.00,0.00,AS009840,-20000.00,20000.00
Credit Memo,2023-09-01,AS009842,Techtron Integrated Solutions (Pvt) Ltd,Item,"S/N  024795	
",Taxable Sales,1,0,,,,,8BD0-1693566940,20000.00,0.00,0.00,20000.00,0.00,AS009840,-20000.00,0
Credit Memo,2023-09-01,AS009842,Techtron Integrated Solutions (Pvt) Ltd,Item,Warranty 6 Months on Power Adaptor,Taxable Sales,1,0,,,,,8BD0-1693566940,20000.00,0.00,0.00,20000.00,0.00,AS009840,-20000.00,0
Credit Memo,2023-10-10,AS009886,Studio Pro-Eye,HDD:8 TB NAS,8 TB Seagate Ironwolf NAS Hard Drive,Non,1,97000.00,HDD,,,,9247-1696911261,97000.00,0.00,0.00,97000.00,0.00,AS009880,-97000.00,97000.00
Credit Memo,2023-10-10,AS009886,Studio Pro-Eye,Item,S/N : WSD9GY6B	,Taxable Sales,1,0,,,,,9247-1696911261,97000.00,0.00,0.00,97000.00,0.00,AS009880,-97000.00,0
Credit Memo,2023-10-10,AS009886,Studio Pro-Eye,Item,Warranty 3 Years on HDD,Taxable Sales,1,0,,,,,9247-1696911261,97000.00,0.00,0.00,97000.00,0.00,AS009880,-97000.00,0
Credit Memo,2023-10-13,AS009888,E-Net Integrated Solutions (Pvt) Ltd,Item,Item,Taxable Sales,1,0,,,,,93BE-1697178668,7500.00,0.00,0.00,7500.00,0.00,AS009874,-7500.00,0
Credit Memo,2023-10-13,AS009888,E-Net Integrated Solutions (Pvt) Ltd,BDCOM:S1508E,BDCOM S1508E,Non,1,7500.00,BDCOM,,,,93BE-1697178668,7500.00,0.00,0.00,7500.00,0.00,AS009874,-7500.00,7500.00
Credit Memo,2023-10-13,AS009888,E-Net Integrated Solutions (Pvt) Ltd,Item,S/N : 0W20002004614,Taxable Sales,1,0,,,,,93BE-1697178668,7500.00,0.00,0.00,7500.00,0.00,AS009874,-7500.00,0
Credit Memo,2023-10-13,AS009888,E-Net Integrated Solutions (Pvt) Ltd,Item,Item,Taxable Sales,1,0,,,,,93BE-1697178668,7500.00,0.00,0.00,7500.00,0.00,AS009874,-7500.00,0
Credit Memo,2023-10-13,AS009888,E-Net Integrated Solutions (Pvt) Ltd,Item,Warranty 2 Years on BDCOM Unit,Taxable Sales,1,0,,,,,93BE-1697178668,7500.00,0.00,0.00,7500.00,0.00,AS009874,-7500.00,0
Credit Memo,2023-10-13,AS009888,E-Net Integrated Solutions (Pvt) Ltd,Item,Item,Taxable Sales,1,0,,,,,93BE-1697178668,7500.00,0.00,0.00,7500.00,0.00,AS009874,-7500.00,0
Credit Memo,2023-10-13,AS009888,E-Net Integrated Solutions (Pvt) Ltd,Item,"Please Remit to		
Company Name          : Active Solutions
Account no                    : 611810004664
Name Of The Bank     : NDB
Bank Branch                  : Kohuwala
Bank Code                     : 7214
Branch Code                 : 601
Swift Code                     : NDBSLKLX
",Taxable Sales,1,0,,,,,93BE-1697178668,7500.00,0.00,0.00,7500.00,0.00,AS009874,-7500.00,0
Credit Memo,2024-02-22,AS010058,Avian,Synology:DS423,Synology DS423 4 Bay NAS,Non,1,165000.00,Synology,,PO-D/21/845,,A427-1709004814,329000.00,0.00,0.00,329000.00,0.00,AS010012,-329000.00,165000.00
Credit Memo,2024-02-22,AS010058,Avian,Item,S/N :,Taxable Sales,1,0,,,PO-D/21/845,,A427-1709004814,329000.00,0.00,0.00,329000.00,0.00,AS010012,-329000.00,0
Credit Memo,2024-02-22,AS010058,Avian,HDD:2 TB NAS,2 TB Seagate Ironwolf NAS Hard Drive,Non,4,164000.00,HDD,,PO-D/21/845,,A427-1709004814,329000.00,0.00,0.00,329000.00,0.00,AS010012,-329000.00,41000.00
Credit Memo,2024-02-22,AS010058,Avian,Item,"S/N : ZWD0KF5D		
          ZWD0JHH0		
          ZWD0J5SD		
          ZWD0JJEG		",Taxable Sales,1,0,,,PO-D/21/845,,A427-1709004814,329000.00,0.00,0.00,329000.00,0.00,AS010012,-329000.00,0
Credit Memo,2024-02-22,AS010058,Avian,Item,Warranty 2 Years on NAS Unit & 3 Years on HDD,Taxable Sales,1,0,,,PO-D/21/845,,A427-1709004814,329000.00,0.00,0.00,329000.00,0.00,AS010012,-329000.00,0
Credit Memo,2024-03-22,AS010104,Adapt Information Technologies,Synology:1 U Fixed Rail Kit,RKM114 1U Rail Kit,Tax,1,25000.00,Synology,,E903-13095,,AA48-1713264788,25000.00,4500.00,18.00,29500.00,0.00,AS010059,-29500.00,25000.00
Credit Memo,2024-06-27,AS00105,M.D Ashger Ali,BDCOM:WAP2100-WG300,BDCOM WAP2100-WG300 Wireless Router & Configuration Charges,Non,1,8000.00,BDCOM,,,,B817-1719918161,8000.00,0.00,0.00,8000.00,0.00,AS010195,-8000.00,8000.00
Credit Memo,2024-06-27,AS00105,M.D Ashger Ali,Item,S/N : 32011M03152,Taxable Sales,1,0,,,,,B817-1719918161,8000.00,0.00,0.00,8000.00,0.00,AS010195,-8000.00,0
Credit Memo,2024-06-27,AS00105,M.D Ashger Ali,Item,Warranty 6 Months On BDCOM Router,Taxable Sales,1,0,,,,,B817-1719918161,8000.00,0.00,0.00,8000.00,0.00,AS010195,-8000.00,0
Credit Memo,2024-10-03,AS00106,THE COMPUTER CENTER (PVT) LTD,2TB Seagate Constellation,Seagate 2TB Constellation SATA  HDD,Tax,1,59200.00,,,20240912-15,,D120-1728012267,59200.00,10656.00,18.00,69856.00,0.00,AS010280,-69856.00,59200.00
Credit Memo,2024-10-03,AS00106,THE COMPUTER CENTER (PVT) LTD,Item,"S/N : Z1X1T35C
",Taxable Sales,1,0,,,20240912-15,,D120-1728012267,59200.00,10656.00,18.00,69856.00,0.00,AS010280,-69856.00,0
Credit Memo,2024-10-03,AS00106,THE COMPUTER CENTER (PVT) LTD,Item,Warranty 2 Years On HDD,Taxable Sales,1,0,,,20240912-15,,D120-1728012267,59200.00,10656.00,18.00,69856.00,0.00,AS010280,-69856.00,0
Credit Memo,2024-12-29,AS00107,E-Screen Systems (Pvt) Ltd,Cyren Key,DrayTek Vigor 2927 License Key,Tax,1,20000.00,,,,,E7DD-1736221272,20000.00,3600.00,18.00,23600.00,0.00,AS010146,-23600.00,20000.00
Credit Memo,2024-12-29,AS00107,E-Screen Systems (Pvt) Ltd,Item,S/N :,Taxable Sales,1,0,,,,,E7DD-1736221272,20000.00,3600.00,18.00,23600.00,0.00,AS010146,-23600.00,0
Credit Memo,2024-12-29,AS00107,E-Screen Systems (Pvt) Ltd,Item,(From,Taxable Sales,1,0,,,,,E7DD-1736221272,20000.00,3600.00,18.00,23600.00,0.00,AS010146,-23600.00,0
Credit Memo,2025-01-27,AS00108,TYAX (PVT) LTD,Item,PO No. TYAX/SL/2025/1435,Taxable Sales,1,0,,,TYAX/SL/2025/1435,,EBE1-1737963663,214500.00,38610.00,18.00,253110.00,0.00,AS010438,-253110.00,0
Credit Memo,2025-01-27,AS00108,TYAX (PVT) LTD,BDCOM:S1500-8P2G,"BDCOM S1500-8P2G Switch
S/N : 0W20011603675	
          0W20011603681	
          0W20011603680	
          0W20011603727	
          0W20011603730	
          0W20011603728	
          0W20011603729	
          0W20011603724	
          0W20011600271	
          0W20011603723	
          0W20011603725	
          0W20011603731	
          0W20011600273	
          0W20011603722	
          0W20011603726	",Tax,15,214500.00,BDCOM,,TYAX/SL/2025/1435,,EBE1-1737963663,214500.00,38610.00,18.00,253110.00,0.00,AS010438,-253110.00,14300.00
Credit Memo,2025-01-27,AS00108,TYAX (PVT) LTD,Item,Warranty 2 Years On BDCOM Swiches,Taxable Sales,1,0,,,TYAX/SL/2025/1435,,EBE1-1737963663,214500.00,38610.00,18.00,253110.00,0.00,AS010438,-253110.00,0
Credit Memo,2025-02-15,AS00109,Barclays Computers (Pvt) Ltd,BDCOM:S1024B,"BDCOM S1024B 24 Port 100M BaseT 1U Rack Mounted
S/N : S13304084		
          S13304074		
          S13304085		
          S13304086		
          S13304159		",Tax,5,82000.00,BDCOM,,PO-102303,,EE1D-1739592942,82000.00,14760.00,18.00,96760.00,0.00,AS010470,-96760.00,16400.00
Credit Memo,2025-02-15,AS00109,Barclays Computers (Pvt) Ltd,Item,Warranty 2 Years On BDCOM Switches,Taxable Sales,1,0,,,PO-102303,,EE1D-1739592942,82000.00,14760.00,18.00,96760.00,0.00,AS010470,-96760.00,0
Credit Memo,2025-02-15,AS00110,Computerage (Pvt) Ltd,Item,Item,Taxable Sales,1,0,,,8784,,EED9-1740021308,42120.00,7581.60,18.00,49701.60,0.00,AS010314,-49701.60,0
Credit Memo,2025-02-15,AS00110,Computerage (Pvt) Ltd,BDCOM:S1518-16P-330,BDCOM S1518-16P-330 16Port Unmanaged Gigabit POE Switch,Tax,1,42120.00,BDCOM,,8784,,EED9-1740021308,42120.00,7581.60,18.00,49701.60,0.00,AS010314,-49701.60,42120.00
Credit Memo,2025-02-15,AS00110,Computerage (Pvt) Ltd,Item,S/N : SHM18080432,Taxable Sales,1,0,,,8784,,EED9-1740021308,42120.00,7581.60,18.00,49701.60,0.00,AS010314,-49701.60,0
Credit Memo,2025-02-15,AS00110,Computerage (Pvt) Ltd,Item,Warranty One Year On BDCOM Switch,Taxable Sales,1,0,,,8784,,EED9-1740021308,42120.00,7581.60,18.00,49701.60,0.00,AS010314,-49701.60,0
Credit Memo,2025-05-19,AS00111,Computerage (Pvt) Ltd,BDCOM:S1006-4p-65,BDCOM S1006-4p-65 Unmanaged 4 ports 10/100 PoE Ports and 2 Ports 10/100 NON PoE,Tax,1,5930.00,BDCOM,,,,FD3C-1750050353,141080.00,25394.40,18.00,166474.40,0.00,AS010245,-166474.40,5930.00
Credit Memo,2025-05-19,AS00111,Computerage (Pvt) Ltd,Item,"S/N : SLM17080746	
          	",Taxable Sales,1,0,,,,,FD3C-1750050353,141080.00,25394.40,18.00,166474.40,0.00,AS010245,-166474.40,0
Credit Memo,2025-05-19,AS00111,Computerage (Pvt) Ltd,Item,(Warranty 2 Years),Taxable Sales,1,0,,,,,FD3C-1750050353,141080.00,25394.40,18.00,166474.40,0.00,AS010245,-166474.40,0
Credit Memo,2025-05-19,AS00111,Computerage (Pvt) Ltd,BDCOM:S1500-8P2G,BDCOM S1500-8P2G Switch,Tax,2,31000.00,BDCOM,,,,FD3C-1750050353,141080.00,25394.40,18.00,166474.40,0.00,AS010245,-166474.40,15500.00
Credit Memo,2025-05-19,AS00111,Computerage (Pvt) Ltd,Item,"S/N : 0W20011600270	
          0W20011600268	",Taxable Sales,1,0,,,,,FD3C-1750050353,141080.00,25394.40,18.00,166474.40,0.00,AS010245,-166474.40,0
Credit Memo,2025-05-19,AS00111,Computerage (Pvt) Ltd,Item,(Warranty 1 Year),Taxable Sales,1,0,,,,,FD3C-1750050353,141080.00,25394.40,18.00,166474.40,0.00,AS010245,-166474.40,0
Credit Memo,2025-05-19,AS00111,Computerage (Pvt) Ltd,BDCOM:S1008,BDCOM S1008 8 Port 10/100 BaseT Standard Switch,Tax,1,3300.00,BDCOM,,,,FD3C-1750050353,141080.00,25394.40,18.00,166474.40,0.00,AS010245,-166474.40,3300.00
Credit Memo,2025-05-19,AS00111,Computerage (Pvt) Ltd,Item,"S/N : 	
          G20001011299	",Taxable Sales,1,0,,,,,FD3C-1750050353,141080.00,25394.40,18.00,166474.40,0.00,AS010245,-166474.40,0
Credit Memo,2025-05-19,AS00111,Computerage (Pvt) Ltd,Item,(Warranty 2 Years),Taxable Sales,1,0,,,,,FD3C-1750050353,141080.00,25394.40,18.00,166474.40,0.00,AS010245,-166474.40,0
Credit Memo,2025-05-19,AS00111,Computerage (Pvt) Ltd,BDCOM:S1024B,BDCOM S1024B 24 Port 100M BaseT 1U Rack Mounted,Tax,1,16400.00,BDCOM,,,,FD3C-1750050353,141080.00,25394.40,18.00,166474.40,0.00,AS010245,-166474.40,16400.00
Credit Memo,2025-05-19,AS00111,Computerage (Pvt) Ltd,Item,S/N : S13304098,Taxable Sales,1,0,,,,,FD3C-1750050353,141080.00,25394.40,18.00,166474.40,0.00,AS010245,-166474.40,0
Credit Memo,2025-05-19,AS00111,Computerage (Pvt) Ltd,Item,(Warranty 2 Years),Taxable Sales,1,0,,,,,FD3C-1750050353,141080.00,25394.40,18.00,166474.40,0.00,AS010245,-166474.40,0
Credit Memo,2025-05-19,AS00111,Computerage (Pvt) Ltd,BDCOM:S1508E,BDCOM S1508E Switch,Tax,1,5350.00,BDCOM,,,,FD3C-1750050353,141080.00,25394.40,18.00,166474.40,0.00,AS010245,-166474.40,5350.00
Credit Memo,2025-05-19,AS00111,Computerage (Pvt) Ltd,Item,"S/N : 	
          0W20002004686	",Taxable Sales,1,0,,,,,FD3C-1750050353,141080.00,25394.40,18.00,166474.40,0.00,AS010245,-166474.40,0
Credit Memo,2025-05-19,AS00111,Computerage (Pvt) Ltd,Item,(Warranty 2 Years),Taxable Sales,1,0,,,,,FD3C-1750050353,141080.00,25394.40,18.00,166474.40,0.00,AS010245,-166474.40,0
Credit Memo,2025-05-19,AS00111,Computerage (Pvt) Ltd,BDCOM:S1010-8p-120,BDCOM S1010-8p-120 Unmanaged 8 Port 10/100 PoE Ports and 2 Ports 10/100 NON PoE,Tax,2,32100.00,BDCOM,,,,FD3C-1750050353,141080.00,25394.40,18.00,166474.40,0.00,AS010245,-166474.40,16050.00
Credit Memo,2025-05-19,AS00111,Computerage (Pvt) Ltd,Item,"S/N : SMM17101641	
          SMM17101646	",Taxable Sales,1,0,,,,,FD3C-1750050353,141080.00,25394.40,18.00,166474.40,0.00,AS010245,-166474.40,0
Credit Memo,2025-05-19,AS00111,Computerage (Pvt) Ltd,Item,(Warranty 1 Year),Taxable Sales,1,0,,,,,FD3C-1750050353,141080.00,25394.40,18.00,166474.40,0.00,AS010245,-166474.40,0
Credit Memo,2025-05-19,AS00111,Computerage (Pvt) Ltd,BDCOM:S1500-24P2S-370,S1500-24P2S-370 BDCOM Switch,Tax,1,47000.00,BDCOM,,,,FD3C-1750050353,141080.00,25394.40,18.00,166474.40,0.00,AS010245,-166474.40,47000.00
Credit Memo,2025-05-19,AS00111,Computerage (Pvt) Ltd,Item,"S/N : 	
          0W20012000768	",Taxable Sales,1,0,,,,,FD3C-1750050353,141080.00,25394.40,18.00,166474.40,0.00,AS010245,-166474.40,0
Credit Memo,2025-05-19,AS00111,Computerage (Pvt) Ltd,Item,(Warranty 1 Year),Taxable Sales,1,0,,,,,FD3C-1750050353,141080.00,25394.40,18.00,166474.40,0.00,AS010245,-166474.40,0
Credit Memo,2025-07-09,AS00112,Orikmo Technologies (Pvt) Ltd,BDCOM:GSFP-SX-D,"BDCOM GSFX-SX-D M/M Transceiver
S/N : 1108B003301		
          1108B003302		
          1108B003303		
          1108B003304		
          1108B003305		
          1108B003306		
          1108B003307		
          1108B003308		",Tax,8,30400.00,BDCOM,,,,100CC-1752033735,30400.00,5472.00,18.00,35872.00,0.00,AS010478,-35872.00,3800.00
Credit Memo,2025-07-09,AS00112,Orikmo Technologies (Pvt) Ltd,Item,(Warranty 1 Year on BDCOM Transceiver),Taxable Sales,1,0,,,,,100CC-1752033735,30400.00,5472.00,18.00,35872.00,0.00,AS010478,-35872.00,0
Credit Memo,2025-08-01,AS00113,TWINTECH HOLDINGS PVT LTD,BDCOM:S1500-24T,"BDCOM S1500-24T Switch
S/N : 0W20012600520",Tax,1,19900.00,BDCOM,,,,10EA1-1757483597,56340.00,10141.20,18.00,66481.20,0.00,AS010490,-66481.20,19900.00
Credit Memo,2025-08-01,AS00113,TWINTECH HOLDINGS PVT LTD,BDCOM:WAP2100-T512,"BDCOM WAP2100-T512
S/N : 0P32014029778",Tax,1,15790.00,BDCOM,,,,10EA1-1757483597,56340.00,10141.20,18.00,66481.20,0.00,AS010490,-66481.20,15790.00
Credit Memo,2025-08-01,AS00113,TWINTECH HOLDINGS PVT LTD,BDCOM:WAP2100-T618,"BDCOM WAP2100-T618
S/N : 0P32014104811",Tax,1,20650.00,BDCOM,,,,10EA1-1757483597,56340.00,10141.20,18.00,66481.20,0.00,AS010490,-66481.20,20650.00
Credit Memo,2025-08-01,AS00113,TWINTECH HOLDINGS PVT LTD,Item,Warranty 2 Years,Taxable Sales,1,0,,,,,10EA1-1757483597,56340.00,10141.20,18.00,66481.20,0.00,AS010490,-66481.20,0
Credit Memo,2025-08-01,AS00114,TWINTECH HOLDINGS PVT LTD,Item,Item,Taxable Sales,1,0,,,,,10EB8-1757483978,47020.00,8463.60,18.00,55483.60,0.00,AS010491,-55483.60,0
Credit Memo,2025-08-01,AS00114,TWINTECH HOLDINGS PVT LTD,BDCOM:S1006-4p-65,"BDCOM S1006-4p-65 Unmanaged 4 ports 10/100 PoE Ports and 2 Ports 10/100 NON PoE
S/N : SLM17080178	
          SLM17080166	",Tax,2,10200.00,BDCOM,,,,10EB8-1757483978,47020.00,8463.60,18.00,55483.60,0.00,AS010491,-55483.60,5100.00
Credit Memo,2025-08-01,AS00114,TWINTECH HOLDINGS PVT LTD,Item,Item,Taxable Sales,1,0,,,,,10EB8-1757483978,47020.00,8463.60,18.00,55483.60,0.00,AS010491,-55483.60,0
Credit Memo,2025-08-01,AS00114,TWINTECH HOLDINGS PVT LTD,BDCOM:S1500-8P2G,"BDCOM S1500-8P2G Switch
S/N : 0W20011600261	
          0W20011600262	
",Tax,2,26720.00,BDCOM,,,,10EB8-1757483978,47020.00,8463.60,18.00,55483.60,0.00,AS010491,-55483.60,13360.00
Credit Memo,2025-08-01,AS00114,TWINTECH HOLDINGS PVT LTD,Item,Item,Taxable Sales,1,0,,,,,10EB8-1757483978,47020.00,8463.60,18.00,55483.60,0.00,AS010491,-55483.60,0
Credit Memo,2025-08-01,AS00114,TWINTECH HOLDINGS PVT LTD,BDCOM:S1508E,"BDCOM S1508E 1G 8 Port Switch
S/N : 0W20002004681	
          0W20002004689	
",Tax,2,10100.00,BDCOM,,,,10EB8-1757483978,47020.00,8463.60,18.00,55483.60,0.00,AS010491,-55483.60,5050.00
Credit Memo,2025-09-10,AS00115,VS Information Systems (Pvt) Ltd,Item,Item,Taxable Sales,1,0,,,PO0000000009856,,10ED1-1757495965,417400.00,75132.00,18.00,492532.00,0.00,AS010798,-492532.00,0
Credit Memo,2025-09-10,AS00115,VS Information Systems (Pvt) Ltd,Synology:RS422+,"Synology RackStation RS422+
S/N : S/N : 2470TSR2VQNEX",Tax,1,417400.00,Synology,,PO0000000009856,,10ED1-1757495965,417400.00,75132.00,18.00,492532.00,0.00,AS010798,-492532.00,417400.00
Credit Memo,2025-09-26,AS00116,Green City Global (pvt) Ltd,Item,Item,Taxable Sales,1,0,,,,,11353-1758865639,133340.00,0.00,0.00,133340.00,0.00,AS010780,-133340.00,0
Credit Memo,2025-09-26,AS00116,Green City Global (pvt) Ltd,Synology:DS225+,"Synology DiskStation DS225+ 2Bay NAS
S/N : 2560ZDRBK27Y8",Non,1,133340.00,Synology,,,,11353-1758865639,133340.00,0.00,0.00,133340.00,0.00,AS010780,-133340.00,133340.00
Credit Memo,2025-09-26,AS00116,Green City Global (pvt) Ltd,Item,Warranty 02 Years on NAS Unit,Taxable Sales,1,0,,,,,11353-1758865639,133340.00,0.00,0.00,133340.00,0.00,AS010780,-133340.00,0
Credit Memo,2025-10-21,AS00117,Neo Solution,Item,Item,Taxable Sales,1,0,,,,,11880-1761024977,1500.00,0.00,0.00,1500.00,0.00,AS010812,-1500.00,0
Credit Memo,2025-10-21,AS00117,Neo Solution,Acronis,Acronis Cloud Backup 25GB Monthly Subscription,Non,1,1500.00,,,,,11880-1761024977,1500.00,0.00,0.00,1500.00,0.00,AS010812,-1500.00,1500.00
Credit Memo,2025-10-21,AS00117,Neo Solution,Item,Item,Taxable Sales,1,0,,,,,11880-1761024977,1500.00,0.00,0.00,1500.00,0.00,AS010812,-1500.00,0
Credit Memo,2025-10-21,AS00117,Neo Solution,Item,(From 11th September 2025 to 10th October 2025),Taxable Sales,1,0,,,,,11880-1761024977,1500.00,0.00,0.00,1500.00,0.00,AS010812,-1500.00,0
Credit Memo,2025-10-21,AS00117,Neo Solution,Item,"Please Remit to		
Company Name          :		Active Solutions
Account no                   :		611810004664
Name Of The Bank     :		NDB
Bank Branch                 :		Kohuwala
Bank Code                    :		7214
Branch Code                 :		601
Swift Code                    :		NDBSLKLX
",Taxable Sales,1,0,,,,,11880-1761024977,1500.00,0.00,0.00,1500.00,0.00,AS010812,-1500.00,0
Credit Memo,2025-10-27,AS00118,Techtron Integrated Solutions (Pvt) Ltd,Item,Item,Taxable Sales,1,0,,,,,11B57-1761541163,795000.00,143100.00,18.00,938100.00,0.00,AS010672,-938100.00,0
Credit Memo,2025-10-27,AS00118,Techtron Integrated Solutions (Pvt) Ltd,Synology:DS1821+,"Synology NAS DS1821+ 8 Bay NAS with 16 GB RAM
S/N 2480SKRJC60R5",Tax,1,795000.00,Synology,,,,11B57-1761541163,795000.00,143100.00,18.00,938100.00,0.00,AS010672,-938100.00,795000.00
Credit Memo,2025-10-27,AS00118,Techtron Integrated Solutions (Pvt) Ltd,Item,Item,Taxable Sales,1,0,,,,,11B57-1761541163,795000.00,143100.00,18.00,938100.00,0.00,AS010672,-938100.00,0
Credit Memo,2025-10-27,AS00118,Techtron Integrated Solutions (Pvt) Ltd,Item,Item,Taxable Sales,1,0,,,,,11B57-1761541163,795000.00,143100.00,18.00,938100.00,0.00,AS010672,-938100.00,0
Credit Memo,2025-10-27,AS00118,Techtron Integrated Solutions (Pvt) Ltd,HDD:HAT3310-16T,"Synology 16TB Plus HDD
S/N  2520XERL0A234F1VL	
        2520XERL0A22YF1VL	
        2520XERL0A23TF1VL	",Tax,3,0.00,HDD,,,,11B57-1761541163,795000.00,143100.00,18.00,938100.00,0.00,AS010672,-938100.00,0.00
Credit Memo,2025-10-27,AS00118,Techtron Integrated Solutions (Pvt) Ltd,Item,Item,Taxable Sales,1,0,,,,,11B57-1761541163,795000.00,143100.00,18.00,938100.00,0.00,AS010672,-938100.00,0
Credit Memo,2025-10-27,AS00118,Techtron Integrated Solutions (Pvt) Ltd,Item,Item,Taxable Sales,1,0,,,,,11B57-1761541163,795000.00,143100.00,18.00,938100.00,0.00,AS010672,-938100.00,0
Credit Memo,2025-10-27,AS00118,Techtron Integrated Solutions (Pvt) Ltd,Item,Warranty 3 Years on Nas & Hard Drive,Taxable Sales,1,0,,,,,11B57-1761541163,795000.00,143100.00,18.00,938100.00,0.00,AS010672,-938100.00,0
Credit Memo,2025-11-04,AS00119,A-Networks (Pvt) Ltd,Item,Item,Taxable Sales,1,0,,,04313,,1214D-1762399180,355000.00,63900.00,18.00,418900.00,0.00,AS010883,-418900.00,0
Credit Memo,2025-11-04,AS00119,A-Networks (Pvt) Ltd,Synology:DS425+,"Synology DiskStation DS425+ 4 Bay
S/N :  2580YGRQXGAH1		",Tax,1,196000.00,Synology,,04313,,1214D-1762399180,355000.00,63900.00,18.00,418900.00,0.00,AS010883,-418900.00,196000.00
Credit Memo,2025-11-04,AS00119,A-Networks (Pvt) Ltd,Item,Item,Taxable Sales,1,0,,,04313,,1214D-1762399180,355000.00,63900.00,18.00,418900.00,0.00,AS010883,-418900.00,0
Credit Memo,2025-11-04,AS00119,A-Networks (Pvt) Ltd,HDD:HAT3310-8T,"Synology 8TB Plus Hard Drive
S/N :  2530XCR50A169F1YL		
           2530XCR50A16EF1YL		",Tax,2,166000.00,HDD,,04313,,1214D-1762399180,355000.00,63900.00,18.00,418900.00,0.00,AS010883,-418900.00,83000.00
Credit Memo,2025-11-04,AS00119,A-Networks (Pvt) Ltd,Item,Item,Taxable Sales,1,0,,,04313,,1214D-1762399180,355000.00,63900.00,18.00,418900.00,0.00,AS010883,-418900.00,0
Credit Memo,2025-11-04,AS00119,A-Networks (Pvt) Ltd,Discount,Discount,Tax,1,-7000.00,,,04313,,1214D-1762399180,355000.00,63900.00,18.00,418900.00,0.00,AS010883,-418900.00,-7000.00
Credit Memo,2025-11-04,AS00119,A-Networks (Pvt) Ltd,Item,Item,Taxable Sales,1,0,,,04313,,1214D-1762399180,355000.00,63900.00,18.00,418900.00,0.00,AS010883,-418900.00,0
Credit Memo,2025-11-04,AS00119,A-Networks (Pvt) Ltd,Item,Warranty 03 Years on NAS & HDDs,Taxable Sales,1,0,,,04313,,1214D-1762399180,355000.00,63900.00,18.00,418900.00,0.00,AS010883,-418900.00,0
Credit Memo,2025-12-08,AS00120,E-Net Integrated Solutions (Pvt) Ltd,BDCOM:S1500-24T,"BDCOM S1500-24T Switch
S/N : 0W20012600133
         0W20012600134
",Non,2,47500.00,BDCOM,,,,128F0-1765164334,47500.00,0.00,0.00,47500.00,0.00,AS010886,-47500.00,23750.00
Credit Memo,2025-12-08,AS00120,E-Net Integrated Solutions (Pvt) Ltd,Item,Warranty 2 Years on BDCOM Units,Taxable Sales,1,0,,,,,128F0-1765164334,47500.00,0.00,0.00,47500.00,0.00,AS010886,-47500.00,0
Credit Memo,2025-12-10,AS00121,Apex Business Solutions PVT Ltd.,BDCOM:S1500-24P2S,"BDCOM S1500-24P2S Switch Adapter
",Tax,1,7000.00,BDCOM,,574,,12994-1765353839,7000.00,1260.00,18.00,8260.00,0.00,AS010639,-8260.00,7000.00
Credit Memo,2025-12-17,AS00122,Penta Technology Solutions (Pvt) Ltd,BDCOM:WAP2100-T618,"BDCOM WAP2100-T618
S/N :  0P32014104837		",Non,1,26550.00,BDCOM,,,,12AAE-1765967748,36550.00,0.00,0.00,36550.00,0.00,AS010964,-36550.00,26550.00
Credit Memo,2025-12-17,AS00122,Penta Technology Solutions (Pvt) Ltd,Item,Warranty 02 Years on BDCOM AP,Taxable Sales,1,0,,,,,12AAE-1765967748,36550.00,0.00,0.00,36550.00,0.00,AS010964,-36550.00,0
Credit Memo,2025-12-17,AS00122,Penta Technology Solutions (Pvt) Ltd,Item,Item,Taxable Sales,1,0,,,,,12AAE-1765967748,36550.00,0.00,0.00,36550.00,0.00,AS010964,-36550.00,0
Credit Memo,2025-12-17,AS00122,Penta Technology Solutions (Pvt) Ltd,Implementation & configuration,Configuration Charge,Non,1,10000.00,,,,,12AAE-1765967748,36550.00,0.00,0.00,36550.00,0.00,AS010964,-36550.00,10000.00
Credit Memo,2025-12-30,AS00123,Green Digital Technologies (Pvt) Ltd,BDCOM:WAP2100-T512,"BDCOM WAP2100-T512
S/N : 0P32014030138	
          0P32014030137	",Non,2,40000.00,BDCOM,,,,12D50-1767091814,40000.00,0.00,0.00,40000.00,0.00,AS010869,-40000.00,20000.00
Credit Memo,2025-12-30,AS00123,Green Digital Technologies (Pvt) Ltd,Item,Warranty 02 Years on BDCOM AP,Taxable Sales,1,0,,,,,12D50-1767091814,40000.00,0.00,0.00,40000.00,0.00,AS010869,-40000.00,0
Credit Memo,2026-02-03,AS00124,CNMS Holdings (Pvt) Ltd,Draytek:Vigor 2927,"Draytek Vigor 2927 Security Appliance. Dual Wan
S/N : 244005047152",Tax,1,64000.00,Draytek,,9,,1363E-1770097317,79000.00,14220.00,18.00,93220.00,0.00,AS011031,-93220.00,64000.00
Credit Memo,2026-02-03,AS00124,CNMS Holdings (Pvt) Ltd,Item,Warranty 02 Years,Taxable Sales,1,0,,,9,,1363E-1770097317,79000.00,14220.00,18.00,93220.00,0.00,AS011031,-93220.00,0
Credit Memo,2026-02-03,AS00124,CNMS Holdings (Pvt) Ltd,Implementation & configuration,Configuration Charge,Tax,1,15000.00,,,9,,1363E-1770097317,79000.00,14220.00,18.00,93220.00,0.00,AS011031,-93220.00,15000.00
Credit Memo,2026-02-03,AS00124,CNMS Holdings (Pvt) Ltd,Item,End Customer : Nadeera Paint,Taxable Sales,1,0,,,9,,1363E-1770097317,79000.00,14220.00,18.00,93220.00,0.00,AS011031,-93220.00,0
Credit Memo,2026-02-05,AS00125,T&D Associates,RAM,8GB Crucial RAM for Module for DS916+,Non,1,47200.00,,,,,13700-1770283427,47200.00,0.00,0.00,47200.00,0.00,AS011017,-47200.00,47200.00
Credit Memo,2026-02-05,AS00125,T&D Associates,Item,Warranty 1 Year,Taxable Sales,1,0,,,,,13700-1770283427,47200.00,0.00,0.00,47200.00,0.00,AS011017,-47200.00,0
Credit Memo,2026-03-03,AS00126,Green Digital Technologies (Pvt) Ltd,BDCOM:WAP2100-T512,"BDCOM WAP2100-T512
S/N : 0P32014037376	
          0P32014037419	
          0P32014037378	",Non,3,60000.00,BDCOM,,,,13C0E-1772529573,60000.00,0.00,0.00,60000.00,0.00,AS011065,-60000.00,20000.00
Credit Memo,2026-03-03,AS00126,Green Digital Technologies (Pvt) Ltd,Item,Warranty 02 Years,Taxable Sales,1,0,,,,,13C0E-1772529573,60000.00,0.00,0.00,60000.00,0.00,AS011065,-60000.00,0
Credit Memo,2026-03-03,AS00127,Green Digital Technologies (Pvt) Ltd,BDCOM:WAP2100-T512,"BDCOM WAP2100-T512
S/N : 0P32014037375	
          0P32014037377	
          0P32014037379	",Non,3,60000.00,BDCOM,,,,13C17-1772529624,60000.00,0.00,0.00,60000.00,0.00,AS011066,-60000.00,20000.00
Credit Memo,2026-03-03,AS00127,Green Digital Technologies (Pvt) Ltd,Item,Warranty 02 Years,Taxable Sales,1,0,,,,,13C17-1772529624,60000.00,0.00,0.00,60000.00,0.00,AS011066,-60000.00,0
Credit Memo,2026-03-05,AS00128,I M Solutions,BDCOM:S1500-24P2S-370,"S1500-24P2S-370 BDCOM Switch
S/N : 0W20012000896",Tax,1,62000.00,BDCOM,,0012-2026,,13D63-1772857589,86980.00,15656.40,18.00,102636.40,0.00,AS011074,-102636.40,62000.00
Credit Memo,2026-03-05,AS00128,I M Solutions,Item,(Warranty 1 Year),Taxable Sales,1,0,,,0012-2026,,13D63-1772857589,86980.00,15656.40,18.00,102636.40,0.00,AS011074,-102636.40,0
Credit Memo,2026-03-05,AS00128,I M Solutions,BDCOM:S1500-24T2S,"S1500-24T2S BDCOM Switch
S/N : 0W20012300892",Tax,1,24980.00,BDCOM,,0012-2026,,13D63-1772857589,86980.00,15656.40,18.00,102636.40,0.00,AS011074,-102636.40,24980.00
Credit Memo,2026-03-05,AS00128,I M Solutions,Item,(Warranty 2 Years),Taxable Sales,1,0,,,0012-2026,,13D63-1772857589,86980.00,15656.40,18.00,102636.40,0.00,AS011074,-102636.40,0
Credit Memo,2026-04-16,AS00129,Pretec Systems,Item,Item,Taxable Sales,1,0,,,,,143D5-1776334290,6000.00,0.00,0.00,6000.00,0.00,AS011043,-6000.00,0
Credit Memo,2026-04-16,AS00129,Pretec Systems,BDCOM:WAP2100-WG300,BDCOM WAP2100-WG300 Wireless Router,Non,1,6000.00,BDCOM,,,,143D5-1776334290,6000.00,0.00,0.00,6000.00,0.00,AS011043,-6000.00,6000.00
Credit Memo,2026-05-27,AS00130,Barclays Computers (Pvt) Ltd,BDCOM:S1500-24P2S,"BDCOM S1500-24P2S Switch
S/N :  0W20012201697		",Tax,1,42970.00,BDCOM,,PO-103130,,150CD-1779877021,42970.00,7734.60,18.00,50704.60,0.00,AS011143,-50704.60,42970.00
Credit Memo,2026-05-27,AS00130,Barclays Computers (Pvt) Ltd,Item,Warranty 01 Year,Taxable Sales,1,0,,,PO-103130,,150CD-1779877021,42970.00,7734.60,18.00,50704.60,0.00,AS011143,-50704.60,0
Credit Memo,2026-06-11,AS00131,Information Technologies & Enterprise Sol,HDD:HAT3320-20T,"Synology 20TB Plus HDD
S/N : 2610ZTRA2A02XFW1L",Tax,1,368550.00,HDD,,PC0011138,,156F4-1781169541,368550.00,66339.00,18.00,434889.00,0.00,AS011220,-434889.00,368550.00
Credit Memo,2026-06-11,AS00131,Information Technologies & Enterprise Sol,Item,Warranty 03 Years,Taxable Sales,1,0,,,PC0011138,,156F4-1781169541,368550.00,66339.00,18.00,434889.00,0.00,AS011220,-434889.00,0
Credit Memo,2026-09-04,AS00132,FT Soft (Pvt) Ltd,Accs,"DS418+ Power Adpter (Compatible)
S/N : 024803",Tax,1,25000.00,,,PO-2032,,16702-1788493687,25000.00,4500.00,18.00,29500.00,29500.00,,0,25000.00
Credit Memo,2026-09-04,AS00132,FT Soft (Pvt) Ltd,Item,Warranty 6 Months,Taxable Sales,1,0,,,PO-2032,,16702-1788493687,25000.00,4500.00,18.00,29500.00,29500.00,,0,0
